timestamp,frame_num,mode,obj_count,obj_classes,avg_confidence,avg_depth_m,cpu_power_w,gpu_power_w,inst_power_w,frame_power_mj,pixel_power_uj,total_energy_wh,peak_power_w,energy_per_frame_mj,energy_per_object_mj,fps_per_watt,objects_per_joule,yolo_efficiency,frame_latency_ms,capture_ms,preprocess_ms,yolo_ms,track_ms,render_ms,bottleneck_stage,fps,fps_stability_std,dropped_frames,cpu_pct,gpu_pct,ram_mb,gpu_mb,motion_detected,tracking_stability_pct
2026-05-21 15:30:01,1,rgb,0,—,0,0,0.0,0.0,0.0,0.0,0.0,0.0,0.0,0.0,0.0,0.0,0.0,0.0,36.25,23.21,5.3,0.0,0.0,7.51,capture,0.0,0.0,0,0.0,0.0,0.0,0.0,0,100.0
2026-05-21 15:30:02,19,rgb,1,person|book|person|person|chair,0.621,0,0.0,0.0,0.0,0.0,0.0,0.0,0.0,0.0,0.0,1754.52,1000.0,0.032,55.04,10.48,4.42,31.39,0.13,8.48,yolo,17.5,5.5,0,0.0,0.0,0.0,0.0,0,100.0
2026-05-21 15:30:03,42,rgb,2,person|chair|person|person|vase|person|book,0.655,0,0.0,0.6,0.6,28.68,0.0934,0.000106,0.6,28.68,14.34,37.79,69.7,0.083,47.8,10.72,3.75,24.13,1.77,7.3,yolo,22.7,1.06,0,0.0,1.0,426.1,19.0,0,100.0
2026-05-21 15:30:04,66,rgb,2,person|book|person|person|vase,0.636,0,32.4,0.0,32.4,1330.992,4.3327,0.002874,32.4,1330.992,665.496,0.72,1.5,0.101,41.08,9.86,3.37,19.73,1.28,6.69,yolo,23.3,0.12,0,72.0,0.0,427.0,19.0,1,50.0
2026-05-21 15:30:05,87,rgb,1,person|book|person,0.655,0,32.4,0.0,32.4,1443.42,4.6986,0.010917,32.4,1443.42,1443.42,0.59,0.7,0.045,44.55,10.35,3.56,22.1,1.29,7.03,yolo,19.3,0.85,0,72.0,0.0,427.0,19.0,1,100.0
2026-05-21 15:30:06,108,rgb,2,person|chair|person|person|book|person|book|chair,0.681,0,40.77,0.0,40.77,1945.137,6.3318,0.021536,40.77,1945.137,972.568,0.48,1.0,0.079,47.71,9.93,4.1,25.33,0.15,7.95,yolo,19.4,0.02,0,90.6,0.0,427.3,19.0,1,50.0
2026-05-21 15:30:07,126,rgb,4,person|book|person|person|book|chair,0.647,0,37.44,0.0,37.44,1889.222,6.1498,0.031437,40.77,1889.222,472.305,0.48,2.1,0.149,50.46,9.77,4.51,26.93,0.17,8.8,yolo,17.8,0.37,0,83.2,0.0,428.0,19.0,1,75.0
2026-05-21 15:30:08,148,rgb,1,person|book|person|person|chair|person|book|chair,0.565,0,37.44,0.0,37.44,1830.067,5.9572,0.042808,40.77,1830.067,1830.067,0.58,0.5,0.038,48.88,8.91,4.49,26.08,0.22,8.93,yolo,21.7,0.81,0,83.2,0.0,428.0,19.0,0,100.0
2026-05-21 15:30:09,168,rgb,4,person|book|person|person|chair|person|book|chair,0.553,0,33.88,0.0,33.88,1677.399,5.4603,0.052111,40.77,1677.399,419.35,0.54,2.4,0.15,49.51,8.78,4.53,26.65,0.23,9.08,yolo,18.3,0.74,0,75.3,0.0,428.1,19.0,0,100.0
2026-05-21 15:30:10,189,rgb,4,person|book|person|couch|person|book|chair|person|book|chair,0.562,0,33.48,0.0,33.48,1593.648,5.1877,0.061598,40.77,1593.648,398.412,0.6,2.5,0.158,47.6,8.18,4.52,25.36,0.21,9.1,yolo,20.2,0.4,0,74.4,0.0,427.2,19.0,1,50.0
2026-05-21 15:30:11,210,rgb,4,couch|person|book|chair|couch|person|chair|person|book|chair|person|book|person|person|chair,0.517,0,33.71,0.0,33.71,1605.27,5.2255,0.070932,40.77,1605.27,401.317,0.6,2.5,0.158,47.62,8.11,4.58,25.29,0.19,9.22,yolo,20.2,0.0,0,74.9,0.0,428.1,19.0,1,75.0
2026-05-21 15:30:12,232,rgb,2,couch|person|book|chair|couch|person|chair|person|chair|person|book|chair|person|book|couch|book|couch|person|book|couch|book|chair,0.389,0,33.71,0.0,33.71,1566.167,5.0982,0.080579,40.77,1566.167,783.083,0.62,1.3,0.083,46.46,8.0,4.62,24.23,0.22,9.19,yolo,20.9,0.0,0,74.9,0.0,428.1,19.0,1,50.0
2026-05-21 15:30:13,249,rgb,1,couch|person|book|chair|couch|couch|person|person|chair|couch|book|chair|book|vase|couch|chair|person,0.354,0,35.37,1.2,36.57,1738.903,5.6605,0.088349,40.77,1738.903,1738.903,0.4,0.6,0.04,47.55,8.21,4.48,25.3,0.23,9.12,yolo,14.8,1.67,0,78.6,2.0,428.2,0.0,1,100.0
2026-05-21 15:30:14,270,rgb,4,book|couch|person|book|couch|book|couch|person|couch|person|book,0.354,0,33.26,0.0,33.26,1588.165,5.1698,0.098502,40.77,1588.165,397.041,0.44,2.5,0.157,47.75,8.35,4.49,25.52,0.21,8.98,yolo,14.8,0.0,0,73.9,0.0,428.2,0.0,1,50.0
2026-05-21 15:30:15,291,rgb,2,person|book|couch|book|person|couch|person|book|book|vase|couch|chair|person,0.358,0,33.26,0.0,33.26,1605.793,5.2272,0.107853,40.77,1605.793,802.896,0.62,1.2,0.078,48.28,8.73,4.5,25.63,0.19,9.04,yolo,20.6,0.0,0,73.9,0.0,428.2,0.0,0,100.0
2026-05-21 15:30:16,309,rgb,3,person|book,0.4,0,34.42,0.0,34.42,1681.761,5.4745,0.116147,40.77,1681.761,560.587,0.6,1.8,0.122,48.86,8.91,5.71,24.62,0.18,9.22,yolo,20.6,0.0,0,76.5,0.0,428.6,0.0,1,100.0
2026-05-21 15:30:17,330,rgb,2,person|book|person,0.494,0,34.69,0.0,34.69,1691.138,5.505,0.125911,40.77,1691.138,845.569,0.52,1.2,0.082,48.75,8.84,5.68,24.44,0.21,9.36,yolo,17.9,0.0,0,77.1,0.0,428.7,0.0,1,100.0
2026-05-21 15:30:18,352,rgb,3,person|book|person|person|book|chair,0.531,0,34.69,0.0,34.69,1673.446,5.4474,0.136176,40.77,1673.446,557.815,0.58,1.8,0.124,48.24,8.37,5.63,24.24,0.22,9.52,yolo,20.1,0.0,0,77.1,0.0,428.7,0.0,1,66.7
2026-05-21 15:30:19,372,rgb,2,person|book|person|couch|person|book|person|book|chair,0.505,0,34.06,0.0,34.06,1602.864,5.2177,0.145251,40.77,1602.864,801.432,0.55,1.2,0.082,47.06,8.32,4.58,24.31,0.23,9.38,yolo,18.7,0.65,0,75.7,0.0,428.7,0.0,1,100.0
2026-05-21 15:30:20,393,rgb,1,person|book|person|person|chair|person|book|chair,0.48,0,34.47,0.0,34.47,1639.738,5.3377,0.154675,40.77,1639.738,1639.738,0.57,0.6,0.041,47.57,8.3,4.57,24.47,0.22,9.77,yolo,19.5,0.17,0,76.6,0.0,428.7,0.0,1,100.0
2026-05-21 15:30:21,414,rgb,3,person|book|person|person|book|chair,0.554,0,34.47,0.0,34.47,1642.151,5.3455,0.164275,40.77,1642.151,547.384,0.6,1.8,0.122,47.64,8.37,4.54,24.67,0.21,9.6,yolo,20.8,0.28,0,76.6,0.0,428.7,0.0,1,66.7
2026-05-21 15:30:22,435,rgb,1,person|book|person|person|book|chair,0.615,0,35.28,0.0,35.28,1677.564,5.4608,0.174022,40.77,1677.564,1677.564,0.57,0.6,0.041,47.55,8.18,4.43,24.66,0.2,9.83,yolo,20.1,0.15,0,78.4,0.0,428.8,0.0,1,100.0
2026-05-21 15:30:24,450,rgb,2,person|book|person,0.62,0,35.33,0.0,35.33,1658.39,5.3984,0.180979,40.77,1658.39,829.195,0.57,1.2,0.082,46.94,8.24,4.39,24.53,0.18,9.36,yolo,20.1,0.0,0,78.5,0.0,428.8,0.0,0,50.0
2026-05-21 15:30:25,471,rgb,4,person|book|person|person|book|chair,0.568,0,35.33,0.0,35.33,1686.654,5.4904,0.190745,40.77,1686.654,421.663,0.54,2.4,0.161,47.74,8.65,4.38,24.83,0.2,9.41,yolo,19.3,1.79,0,78.5,0.0,428.8,0.0,0,100.0
2026-05-21 15:30:26,492,rgb,2,person|book|person|person|book|chair,0.483,0,26.95,0.0,26.95,1282.281,4.1741,0.199124,40.77,1282.281,641.14,0.75,1.6,0.081,47.58,8.53,4.47,24.55,0.19,9.56,yolo,20.2,0.19,0,59.9,0.0,428.8,0.0,0,100.0
2026-05-21 15:30:27,513,rgb,2,person|book|person|person|chair,0.439,0,34.47,0.0,34.47,1626.984,5.2962,0.206997,40.77,1626.984,813.492,0.58,1.2,0.082,47.2,8.2,4.56,24.46,0.19,9.53,yolo,20.1,0.02,0,76.6,0.0,429.6,0.0,0,50.0
2026-05-21 15:30:28,535,rgb,1,person|book|person|person|chair,0.446,0,34.47,0.0,34.47,1612.507,5.249,0.216889,40.77,1612.507,1612.507,0.61,0.6,0.041,46.78,8.04,4.53,24.38,0.16,9.45,yolo,20.9,0.23,0,76.6,0.0,429.6,0.0,1,100.0
2026-05-21 15:30:29,555,rgb,3,person|chair|person|couch|book|person|book,0.448,0,33.88,0.0,33.88,1609.639,5.2397,0.225763,40.77,1609.639,536.546,0.57,1.9,0.121,47.51,8.56,4.52,24.72,0.15,9.34,yolo,19.4,0.33,0,75.3,0.0,429.6,0.0,0,66.7
2026-05-21 15:30:30,574,rgb,3,person|chair|couch|book|couch|chair|person,0.435,0,34.69,0.0,34.69,1688.362,5.496,0.234416,40.77,1688.362,562.787,0.54,1.8,0.122,48.67,8.74,4.56,24.52,0.15,10.51,yolo,18.9,0.11,0,77.1,0.0,429.7,0.0,0,66.7
2026-05-21 15:30:31,596,rgb,1,couch|person|book|couch|book|person|person|chair,0.412,0,34.69,0.0,34.69,1688.362,5.496,0.244724,40.77,1688.362,1688.362,0.62,0.6,0.04,48.67,8.26,4.56,25.18,0.14,10.32,yolo,21.7,0.58,0,77.1,0.0,429.7,0.0,0,100.0
2026-05-21 15:30:32,616,rgb,4,person|book|person|person|chair|person|book|chair,0.415,0,36.63,0.0,36.63,1751.647,5.702,0.254469,40.77,1751.647,437.912,0.54,2.3,0.161,47.82,8.08,4.44,24.88,0.16,10.08,yolo,19.7,0.44,0,81.4,0.0,429.7,0.0,0,100.0
2026-05-21 15:30:33,636,rgb,2,person|book|person|couch|person|chair|person|book|chair,0.445,0,35.46,0.0,35.46,1648.181,5.3652,0.263962,40.77,1648.181,824.091,0.54,1.2,0.08,46.48,7.77,4.45,25.09,0.17,8.8,yolo,19.2,0.11,0,78.8,0.0,429.7,0.0,1,50.0
2026-05-21 15:30:34,658,rgb,2,person|book|person|book|chair,0.538,0,35.46,0.0,35.46,1662.719,5.4125,0.274123,40.77,1662.719,831.36,0.61,1.2,0.081,46.89,8.57,4.42,24.58,0.2,8.9,yolo,21.6,0.5,0,78.8,0.0,429.7,0.0,1,100.0
2026-05-21 15:30:35,664,rgb,4,person|book|person|book|chair,0.597,0,37.03,0.0,37.03,1740.78,5.6666,0.276996,40.77,1740.78,435.195,0.16,2.3,0.162,47.01,8.57,4.38,24.75,0.19,8.9,yolo,5.9,5.85,0,82.3,0.0,429.7,0.0,1,75.0
